Price,Close,High,Low,Open,Volume
Ticker,NG=F,NG=F,NG=F,NG=F,NG=F
Date,,,,,
2023-09-19,2.8480000495910645,2.871999979019165,2.7100000381469727,2.7290000915527344,164806
2023-09-20,2.7330000400543213,2.8239998817443848,2.693000078201294,2.819000005722046,140309
2023-09-21,2.609999895095825,2.759000062942505,2.5950000286102295,2.7320001125335693,99971
2023-09-22,2.63700008392334,2.683000087738037,2.6019999980926514,2.624000072479248,52641
2023-09-25,2.6389999389648438,2.6710000038146973,2.6059999465942383,2.6570000648498535,36175
2023-09-26,2.6559998989105225,2.6670000553131104,2.552000045776367,2.638000011444092,57087
2023-09-27,2.7639999389648438,2.7809998989105225,2.640000104904175,2.6559998989105225,136011
2023-09-28,2.944999933242798,2.9809999465942383,2.868000030517578,2.8910000324249268,123674
2023-09-29,2.928999900817871,2.996999979019165,2.8550000190734863,2.9489998817443848,114663
2023-10-02,2.8399999141693115,2.9579999446868896,2.8350000381469727,2.9579999446868896,124338
2023-10-03,2.9489998817443848,2.9660000801086426,2.819999933242798,2.8420000076293945,128578
2023-10-04,2.9619998931884766,3.055000066757202,2.934999942779541,2.940000057220459,155568
2023-10-05,3.1659998893737793,3.2049999237060547,2.9649999141693115,2.98799991607666,220407
2023-10-06,3.3380000591278076,3.364000082015991,3.1659998893737793,3.183000087738037,247997
2023-10-09,3.375999927520752,3.4709999561309814,3.322000026702881,3.3499999046325684,208300
2023-10-10,3.381999969482422,3.4489998817443848,3.3359999656677246,3.371000051498413,170101
2023-10-11,3.377000093460083,3.4539999961853027,3.2249999046325684,3.4049999713897705,211414
2023-10-12,3.3440001010894775,3.427999973297119,3.2990000247955322,3.384999990463257,160315
2023-10-13,3.2360000610351562,3.3480000495910645,3.203000068664551,3.3459999561309814,139194
2023-10-16,3.1089999675750732,3.184999942779541,3.052999973297119,3.184999942779541,165019
2023-10-17,3.0789999961853027,3.13700008392334,3.0239999294281006,3.124000072479248,133591
2023-10-18,3.055999994277954,3.1579999923706055,3.0369999408721924,3.061000108718872,122851
2023-10-19,2.9570000171661377,3.0920000076293945,2.943000078201294,3.072000026702881,138650
2023-10-20,2.8989999294281006,2.9769999980926514,2.880000114440918,2.9590001106262207,144044
2023-10-23,2.9260001182556152,2.9509999752044678,2.8610000610351562,2.9049999713897705,99128
2023-10-24,2.9709999561309814,2.996999979019165,2.875999927520752,2.9179999828338623,65427
2023-10-25,3.009999990463257,3.0339999198913574,2.9539999961853027,2.9749999046325684,31461
2023-10-26,3.2139999866485596,3.2790000438690186,2.9769999980926514,3.0280001163482666,88611
2023-10-27,3.1640000343322754,3.4010000228881836,3.135999917984009,3.250999927520752,140955
2023-10-30,3.3519999980926514,3.4049999713897705,3.321000099182129,3.4000000953674316,119526
2023-10-31,3.575000047683716,3.630000114440918,3.318000078201294,3.3299999237060547,238330
2023-11-01,3.49399995803833,3.6080000400543213,3.427999973297119,3.5999999046325684,151262
2023-11-02,3.4719998836517334,3.5199999809265137,3.4010000228881836,3.50600004196167,118508
2023-11-03,3.515000104904175,3.5759999752044678,3.4519999027252197,3.509999990463257,110113
2023-11-06,3.2639999389648438,3.4070000648498535,3.249000072479248,3.372999906539917,185742
2023-11-07,3.140000104904175,3.2950000762939453,3.0989999771118164,3.2730000019073486,186182
2023-11-08,3.1059999465942383,3.187999963760376,3.058000087738037,3.1760001182556152,172750
2023-11-09,3.0409998893737793,3.1619999408721924,3.0220000743865967,3.121999979019165,142578
2023-11-10,3.0329999923706055,3.0769999027252197,2.989000082015991,3.0380001068115234,106720
2023-11-13,3.197000026702881,3.246000051498413,3.061000108718872,3.063999891281128,165652
2023-11-14,3.1059999465942383,3.2639999389648438,3.0859999656677246,3.2330000400543213,146724
2023-11-15,3.190000057220459,3.2750000953674316,3.069999933242798,3.1059999465942383,153744
2023-11-16,3.062000036239624,3.265000104904175,3.0280001163482666,3.1510000228881836,179663
2023-11-17,2.9600000381469727,3.111999988555908,2.8929998874664307,3.055000066757202,159777
2023-11-20,2.881999969482422,2.9579999446868896,2.864000082015991,2.9570000171661377,113704
2023-11-21,2.8459999561309814,2.9210000038146973,2.8410000801086426,2.885999917984009,103671
2023-11-22,2.8970000743865967,2.921999931335449,2.819000005722046,2.867000102996826,59224
2023-11-23,2.934000015258789,2.937999963760376,2.8589999675750732,2.8970000743865967,59224
2023-11-24,2.8550000190734863,2.9509999752044678,2.7980000972747803,2.8970000743865967,34118
2023-11-27,2.7939999103546143,2.819999933242798,2.7090001106262207,2.7780001163482666,67039
2023-11-28,2.7060000896453857,2.815000057220459,2.6689999103546143,2.7899999618530273,187190
2023-11-29,2.803999900817871,2.869999885559082,2.759999990463257,2.7920000553131104,141591
2023-11-30,2.802000045776367,2.8550000190734863,2.760999917984009,2.7990000247955322,147752
2023-12-01,2.813999891281128,2.8440001010894775,2.753999948501587,2.809000015258789,133190
2023-12-04,2.694000005722046,2.752000093460083,2.6489999294281006,2.7279999256134033,161786
2023-12-05,2.7100000381469727,2.7860000133514404,2.674999952316284,2.6989998817443848,119974
2023-12-06,2.569000005722046,2.756999969482422,2.5409998893737793,2.6989998817443848,218374
2023-12-07,2.5850000381469727,2.621000051498413,2.489000082015991,2.569000005722046,248396
2023-12-08,2.5810000896453857,2.609999895095825,2.5380001068115234,2.559000015258789,190998
2023-12-11,2.430999994277954,2.490000009536743,2.2939999103546143,2.490000009536743,330300
2023-12-12,2.311000108718872,2.4609999656677246,2.2760000228881836,2.437999963760376,223455
2023-12-13,2.3350000381469727,2.384999990463257,2.234999895095825,2.2780001163482666,255188
2023-12-14,2.3919999599456787,2.421999931335449,2.328000068664551,2.3529999256134033,159486
2023-12-15,2.490999937057495,2.5439999103546143,2.380000114440918,2.4079999923706055,189244
2023-12-18,2.503000020980835,2.5969998836517334,2.48799991607666,2.503000020980835,154295
2023-12-19,2.492000102996826,2.565000057220459,2.384999990463257,2.5190000534057617,170435
2023-12-20,2.447000026702881,2.5899999141693115,2.4100000858306885,2.556999921798706,125263
2023-12-21,2.572000026702881,2.6040000915527344,2.4079999923706055,2.427000045776367,84545
2023-12-22,2.609999895095825,2.619999885559082,2.5280001163482666,2.5840001106262207,42835
2023-12-26,2.549999952316284,2.5810000896453857,2.4539999961853027,2.5450000762939453,50762
2023-12-27,2.61899995803833,2.7219998836517334,2.562000036239624,2.5799999237060547,129265
2023-12-28,2.556999921798706,2.5759999752044678,2.4119999408721924,2.4549999237060547,116059
2023-12-29,2.5139999389648438,2.561000108718872,2.489000082015991,2.5390000343322754,89598
2024-01-02,2.568000078201294,2.674999952316284,2.5239999294281006,2.6050000190734863,132454
2024-01-03,2.6679999828338623,2.7190001010894775,2.5369999408721924,2.575000047683716,166472
2024-01-04,2.821000099182129,2.86299991607666,2.680999994277954,2.687999963760376,206311
2024-01-05,2.8929998874664307,2.9059998989105225,2.680999994277954,2.8450000286102295,187503
2024-01-08,2.9800000190734863,3.01200008392334,2.694000005722046,2.950000047683716,237672
2024-01-09,3.190000057220459,3.3919999599456787,2.884000062942505,2.943000078201294,351780
2024-01-10,3.0390000343322754,3.2260000705718994,2.9560000896453857,3.1670000553131104,258013
2024-01-11,3.0969998836517334,3.2309999465942383,2.944999933242798,3.0290000438690186,235033
2024-01-12,3.312999963760376,3.377000093460083,3.1019999980926514,3.118000030517578,265883
2024-01-16,2.9000000953674316,3.188999891281128,2.822000026702881,3.11299991607666,228164
2024-01-17,2.869999885559082,2.9579999446868896,2.75600004196167,2.8429999351501465,150330
2024-01-18,2.697000026702881,2.9600000381469727,2.6659998893737793,2.875999927520752,151819
2024-01-19,2.5190000534057617,2.7139999866485596,2.5139999389648438,2.7119998931884766,138427
2024-01-22,2.4189999103546143,2.4700000286102295,2.311000108718872,2.380000114440918,121583
2024-01-23,2.450000047683716,2.49399995803833,2.325000047683716,2.437000036239624,69155
2024-01-24,2.6410000324249268,2.696000099182129,2.494999885559082,2.497999906539917,65497
2024-01-25,2.571000099182129,2.884000062942505,2.5260000228881836,2.683000087738037,44984
2024-01-26,2.7119998931884766,2.803999900817871,2.4240000247955322,2.6070001125335693,73015
2024-01-29,2.490000009536743,2.759999990463257,2.4110000133514404,2.680000066757202,164621
2024-01-30,2.0769999027252197,2.11899995803833,2.0460000038146973,2.059999942779541,139745
2024-01-31,2.0999999046325684,2.1579999923706055,2.0369999408721924,2.0899999141693115,142856
2024-02-01,2.049999952316284,2.1679999828338623,2.0329999923706055,2.134000062942505,161340
2024-02-02,2.0789999961853027,2.0999999046325684,2.0209999084472656,2.053999900817871,125062
2024-02-05,2.0820000171661377,2.127000093460083,2.0409998893737793,2.109999895095825,136031
2024-02-06,2.009000062942505,2.1019999980926514,1.996999979019165,2.068000078201294,137680
2024-02-07,1.9670000076293945,2.0399999618530273,1.9559999704360962,2.003000020980835,204064
2024-02-08,1.9170000553131104,1.9930000305175781,1.8669999837875366,1.9700000286102295,237169
2024-02-09,1.847000002861023,1.8849999904632568,1.8170000314712524,1.8849999904632568,247314
2024-02-12,1.7680000066757202,1.8630000352859497,1.7319999933242798,1.8049999475479126,242152
2024-02-13,1.6890000104904175,1.7860000133514404,1.6540000438690186,1.753999948501587,286586
2024-02-14,1.6089999675750732,1.684999942779541,1.590000033378601,1.6690000295639038,208956
2024-02-15,1.5809999704360962,1.6690000295639038,1.5729999542236328,1.6109999418258667,183342
2024-02-16,1.6089999675750732,1.6369999647140503,1.5750000476837158,1.5889999866485596,170384
2024-02-20,1.5759999752044678,1.7089999914169312,1.5219999551773071,1.5329999923706055,201471
2024-02-21,1.7730000019073486,1.7920000553131104,1.6770000457763672,1.718999981880188,170658
2024-02-22,1.7319999933242798,1.784000039100647,1.6610000133514404,1.784000039100647,87803
2024-02-23,1.6030000448226929,1.722000002861023,1.5809999704360962,1.722000002861023,47590
2024-02-26,1.659000039100647,1.7300000190734863,1.593999981880188,1.659999966621399,110505
2024-02-27,1.6150000095367432,1.7200000286102295,1.5110000371932983,1.625,179943
2024-02-28,1.8849999904632568,1.906000018119812,1.781999945640564,1.8170000314712524,149429
2024-02-29,1.8600000143051147,1.9179999828338623,1.8289999961853027,1.8680000305175781,141543
2024-03-01,1.8350000381469727,1.8880000114440918,1.809999942779541,1.8519999980926514,105501
2024-03-04,1.9160000085830688,1.9889999628067017,1.8700000047683716,1.8730000257492065,185412
2024-03-05,1.9570000171661377,2.009000062942505,1.8899999856948853,1.9279999732971191,142113
2024-03-06,1.9290000200271606,1.9830000400543213,1.9210000038146973,1.9500000476837158,107219
2024-03-07,1.8179999589920044,1.9550000429153442,1.781999945640564,1.9290000200271606,173658
2024-03-08,1.8049999475479126,1.8370000123977661,1.7549999952316284,1.7960000038146973,143794
2024-03-11,1.7589999437332153,1.840999960899353,1.746000051498413,1.8049999475479126,159954
2024-03-12,1.7139999866485596,1.8229999542236328,1.690999984741211,1.7580000162124634,199589
2024-03-13,1.6579999923706055,1.7170000076293945,1.6510000228881836,1.7130000591278076,176633
2024-03-14,1.7410000562667847,1.7669999599456787,1.6430000066757202,1.6679999828338623,168141
2024-03-15,1.6549999713897705,1.7740000486373901,1.6460000276565552,1.7569999694824219,154729
2024-03-18,1.7029999494552612,1.7619999647140503,1.684000015258789,1.6890000104904175,137349
2024-03-19,1.74399995803833,1.7690000534057617,1.7009999752044678,1.7170000076293945,128064
2024-03-20,1.6990000009536743,1.7649999856948853,1.6859999895095825,1.75,115068
2024-03-21,1.6829999685287476,1.7130000591278076,1.6510000228881836,1.6990000009536743,77701
2024-03-22,1.659000039100647,1.7120000123977661,1.6469999551773071,1.684000015258789,44514
2024-03-25,1.6150000095367432,1.6749999523162842,1.5889999866485596,1.6640000343322754,84776
2024-03-26,1.5750000476837158,1.6469999551773071,1.4809999465942383,1.6080000400543213,123173
2024-03-27,1.718000054359436,1.7890000343322754,1.7039999961853027,1.7890000343322754,144888
2024-03-28,1.7630000114440918,1.7860000133514404,1.6859999895095825,1.7170000076293945,155745
2024-04-01,1.8370000123977661,1.8530000448226929,1.7059999704360962,1.7549999952316284,169145
2024-04-02,1.8619999885559082,1.88100004196167,1.777999997138977,1.8370000123977661,170434
2024-04-03,1.840999960899353,1.906000018119812,1.8359999656677246,1.8519999980926514,133034
2024-04-04,1.7740000486373901,1.8530000448226929,1.7690000534057617,1.843999981880188,179437
2024-04-05,1.784999966621399,1.8229999542236328,1.7549999952316284,1.7790000438690186,191179
2024-04-08,1.843999981880188,1.850000023841858,1.746000051498413,1.7699999809265137,216676
2024-04-09,1.871999979019165,1.9240000247955322,1.8380000591278076,1.847000002861023,215016
2024-04-10,1.8849999904632568,1.9429999589920044,1.8669999837875366,1.8880000114440918,174388
2024-04-11,1.7640000581741333,1.8919999599456787,1.753999948501587,1.8739999532699585,230318
2024-04-12,1.7699999809265137,1.784999966621399,1.7309999465942383,1.7669999599456787,162917
2024-04-15,1.690999984741211,1.7920000553131104,1.6779999732971191,1.7719999551773071,170569
2024-04-16,1.7319999933242798,1.8020000457763672,1.6490000486373901,1.6950000524520874,231556
2024-04-17,1.7120000123977661,1.7239999771118164,1.659999966621399,1.6799999475479126,152348
2024-04-18,1.7569999694824219,1.7799999713897705,1.7130000591278076,1.722000002861023,160729
2024-04-19,1.7519999742507935,1.805999994277954,1.7239999771118164,1.7410000562667847,154111
2024-04-22,1.7910000085830688,1.7999999523162842,1.7209999561309814,1.7649999856948853,107242
2024-04-23,1.812000036239624,1.8480000495910645,1.7450000047683716,1.7979999780654907,71346
2024-04-24,1.652999997138977,1.840000033378601,1.6339999437332153,1.8359999656677246,58154
2024-04-25,1.6380000114440918,1.6749999523162842,1.5829999446868896,1.6440000534057617,75479
2024-04-26,1.6139999628067017,1.628000020980835,1.4819999933242798,1.621999979019165,119516
2024-04-29,2.0299999713897705,2.055999994277954,1.9160000085830688,1.9229999780654907,158855
2024-04-30,1.9910000562667847,2.0920000076293945,1.9509999752044678,2.049999952316284,150370
2024-05-01,1.9320000410079956,1.9700000286102295,1.9129999876022339,1.9539999961853027,135918
2024-05-02,2.0350000858306885,2.049999952316284,1.9270000457763672,1.930999994277954,153739
2024-05-03,2.1419999599456787,2.1600000858306885,2.01200008392334,2.0309998989105225,209456
2024-05-06,2.194999933242798,2.26200008392334,2.132999897003174,2.1700000762939453,196381
2024-05-07,2.2070000171661377,2.2300000190734863,2.1419999599456787,2.2060000896453857,149430
2024-05-08,2.187000036239624,2.2739999294281006,2.1670000553131104,2.2190001010894775,149910
2024-05-09,2.3010001182556152,2.315999984741211,2.1530001163482666,2.186000108718872,207677
2024-05-10,2.252000093460083,2.3440001010894775,2.242000102996826,2.306999921798706,142992
2024-05-13,2.38100004196167,2.384000062942505,2.2139999866485596,2.25,164690
2024-05-14,2.3440001010894775,2.3970000743865967,2.305999994277954,2.361999988555908,147573
2024-05-15,2.4159998893737793,2.4240000247955322,2.312999963760376,2.3429999351501465,180743
2024-05-16,2.494999885559082,2.575000047683716,2.3889999389648438,2.4049999713897705,229617
2024-05-17,2.625999927520752,2.6540000438690186,2.484999895095825,2.486999988555908,185798
2024-05-20,2.750999927520752,2.75600004196167,2.625,2.6589999198913574,211255
2024-05-21,2.6710000038146973,2.7980000972747803,2.640000104904175,2.7330000400543213,174162
2024-05-22,2.8420000076293945,2.8510000705718994,2.6089999675750732,2.6649999618530273,184820
2024-05-23,2.6570000648498535,2.9240000247955322,2.640000104904175,2.7990000247955322,116689
2024-05-24,2.5199999809265137,2.7090001106262207,2.493000030517578,2.6760001182556152,51814
2024-05-28,2.5899999141693115,2.621000051498413,2.4749999046325684,2.503000020980835,86031
2024-05-29,2.493000030517578,2.6689999103546143,2.4170000553131104,2.5940001010894775,161403
2024-05-30,2.572000026702881,2.681999921798706,2.562000036239624,2.6619999408721924,160060
2024-05-31,2.5869998931884766,2.624000072479248,2.5179998874664307,2.569999933242798,139119
2024-06-03,2.75600004196167,2.7990000247955322,2.628000020980835,2.6449999809265137,233692
2024-06-04,2.5859999656677246,2.8289999961853027,2.572999954223633,2.7720000743865967,221922
2024-06-05,2.756999969482422,2.7869999408721924,2.6050000190734863,2.617000102996826,201665
2024-06-06,2.821000099182129,2.877000093460083,2.7239999771118164,2.76200008392334,194237
2024-06-07,2.9179999828338623,2.9670000076293945,2.7909998893737793,2.813999891281128,209110
2024-06-10,2.9059998989105225,3.0959999561309814,2.861999988555908,2.9800000190734863,269719
2024-06-11,3.128999948501587,3.1589999198913574,2.9660000801086426,2.984999895095825,227818
2024-06-12,3.0450000762939453,3.131999969482422,2.994999885559082,3.130000114440918,224795
2024-06-13,2.9590001106262207,3.0910000801086426,2.8980000019073486,3.0280001163482666,209730
2024-06-14,2.88100004196167,3.0,2.869999885559082,2.9210000038146973,154123
2024-06-17,2.7880001068115234,2.8480000495910645,2.759000062942505,2.8459999561309814,152241
2024-06-18,2.9089999198913574,2.9159998893737793,2.7720000743865967,2.7720000743865967,147414
2024-06-20,2.740999937057495,2.947999954223633,2.7230000495910645,2.9030001163482666,186686
2024-06-21,2.7049999237060547,2.7699999809265137,2.671999931335449,2.7249999046325684,79372
2024-06-24,2.811000108718872,2.8340001106262207,2.634999990463257,2.6700000762939453,45418
2024-06-25,2.75600004196167,2.8440001010894775,2.6989998817443848,2.815999984741211,78233
2024-06-26,2.628000020980835,2.746000051498413,2.61299991607666,2.736999988555908,141345
2024-06-27,2.684999942779541,2.7839999198913574,2.6730000972747803,2.7339999675750732,139995
2024-06-28,2.6010000705718994,2.765000104904175,2.5940001010894775,2.7019999027252197,151326
2024-07-01,2.4779999256134033,2.6019999980926514,2.4709999561309814,2.5759999752044678,181931
2024-07-02,2.434999942779541,2.4839999675750732,2.4149999618530273,2.4760000705718994,154263
2024-07-03,2.4179999828338623,2.4800000190734863,2.4100000858306885,2.4660000801086426,125894
2024-07-05,2.319000005722046,2.440000057220459,2.315000057220459,2.4210000038146973,156544
2024-07-08,2.365999937057495,2.390000104904175,2.2679998874664307,2.2699999809265137,162309
2024-07-09,2.3440001010894775,2.447999954223633,2.3310000896453857,2.372999906539917,155187
2024-07-10,2.3289999961853027,2.384999990463257,2.2920000553131104,2.3459999561309814,146358
2024-07-11,2.2679998874664307,2.3429999351501465,2.260999917984009,2.3259999752044678,122365
2024-07-12,2.3289999961853027,2.3499999046325684,2.249000072479248,2.2669999599456787,129723
2024-07-15,2.1579999923706055,2.2850000858306885,2.1470000743865967,2.2730000019073486,189516
2024-07-16,2.187999963760376,2.2179999351501465,2.1489999294281006,2.1700000762939453,131219
2024-07-17,2.0350000858306885,2.2079999446868896,2.015000104904175,2.180999994277954,212196
2024-07-18,2.125,2.134000062942505,2.0239999294281006,2.046999931335449,159464
2024-07-19,2.128000020980835,2.1429998874664307,2.056999921798706,2.0889999866485596,101992
2024-07-22,2.250999927520752,2.2699999809265137,2.0899999141693115,2.1040000915527344,148699
2024-07-23,2.187000036239624,2.265000104904175,2.122999906539917,2.244999885559082,112276
2024-07-24,2.117000102996826,2.1700000762939453,2.1019999980926514,2.1530001163482666,65013
2024-07-25,2.0409998893737793,2.1549999713897705,2.0350000858306885,2.125999927520752,44964
2024-07-26,2.00600004196167,2.0840001106262207,1.99399995803833,2.052000045776367,58506
2024-07-29,1.906999945640564,2.055999994277954,1.8559999465942383,2.0160000324249268,162676
2024-07-30,2.125999927520752,2.134999990463257,1.9910000562667847,2.065000057220459,157477
2024-07-31,2.0360000133514404,2.1489999294281006,2.0230000019073486,2.119999885559082,167713
2024-08-01,1.968000054359436,2.125999927520752,1.965000033378601,2.0460000038146973,215979
2024-08-02,1.9670000076293945,2.0230000019073486,1.9199999570846558,1.9850000143051147,164207
2024-08-05,1.9420000314712524,1.9739999771118164,1.8819999694824219,1.9500000476837158,150595
2024-08-06,2.009999990463257,2.0329999923706055,1.899999976158142,1.9570000171661377,154471
2024-08-07,2.111999988555908,2.119999885559082,2.009999990463257,2.0250000953674316,226781
2024-08-08,2.127000093460083,2.178999900817871,2.0280001163482666,2.0999999046325684,232204
2024-08-09,2.1429998874664307,2.187000036239624,2.1040000915527344,2.1510000228881836,183426
2024-08-12,2.188999891281128,2.25600004196167,2.1549999713897705,2.1730000972747803,181250
2024-08-13,2.1480000019073486,2.239000082015991,2.134000062942505,2.174999952316284,202099
2024-08-14,2.2190001010894775,2.2760000228881836,2.1440000534057617,2.1600000858306885,189925
2024-08-15,2.197000026702881,2.3010001182556152,2.188999891281128,2.2279999256134033,165423
2024-08-16,2.122999906539917,2.2160000801086426,2.1110000610351562,2.2049999237060547,140820
2024-08-19,2.234999895095825,2.253999948501587,2.0969998836517334,2.125,179074
2024-08-20,2.197999954223633,2.2780001163482666,2.1730000972747803,2.246000051498413,129952
2024-08-21,2.177000045776367,2.2279999256134033,2.13100004196167,2.2009999752044678,124659
2024-08-22,2.052999973297119,2.200000047683716,2.0309998989105225,2.187999963760376,153777
2024-08-23,2.0220000743865967,2.0739998817443848,2.005000114440918,2.061000108718872,62492
2024-08-26,1.9559999704360962,2.0220000743865967,1.944000005722046,2.003999948501587,50432
2024-08-27,1.9040000438690186,1.9739999771118164,1.875,1.9559999704360962,68871
2024-08-28,1.9299999475479126,2.0,1.8559999465942383,1.9240000247955322,165219
2024-08-29,2.13700008392334,2.1489999294281006,2.0260000228881836,2.0969998836517334,154737
2024-08-30,2.127000093460083,2.1710000038146973,2.0929999351501465,2.1449999809265137,131106
2024-09-03,2.203000068664551,2.2249999046325684,2.075000047683716,2.1459999084472656,221115
2024-09-04,2.1449999809265137,2.2699999809265137,2.13100004196167,2.197000026702881,150022
2024-09-05,2.253999948501587,2.2860000133514404,2.117000102996826,2.1389999389648438,196899
2024-09-06,2.2750000953674316,2.2939999103546143,2.2320001125335693,2.260999917984009,121498
2024-09-09,2.1700000762939453,2.246999979019165,2.1410000324249268,2.2200000286102295,121498
2024-09-10,2.2320001125335693,2.257999897003174,2.125,2.1489999294281006,183556
2024-09-11,2.2699999809265137,2.325000047683716,2.2139999866485596,2.2360000610351562,198836
2024-09-12,2.3570001125335693,2.3940000534057617,2.2290000915527344,2.2860000133514404,231423
2024-09-13,2.305000066757202,2.4070000648498535,2.2939999103546143,2.36299991607666,173713
2024-09-16,2.372999906539917,2.3970000743865967,2.265000104904175,2.2980000972747803,163817
2024-09-17,2.3239998817443848,2.436000108718872,2.306999921798706,2.3910000324249268,171895
2024-09-18,2.2839999198913574,2.377000093460083,2.2750000953674316,2.312000036239624,137696
2024-09-19,2.3480000495910645,2.3610000610351562,2.2230000495910645,2.2880001068115234,190187
2024-09-20,2.434000015258789,2.4600000381469727,2.313999891281128,2.3580000400543213,161905
2024-09-23,2.61299991607666,2.6459999084472656,2.4579999446868896,2.4619998931884766,124650
2024-09-24,2.5510001182556152,2.6740000247955322,2.5350000858306885,2.634000062942505,61695
2024-09-25,2.63700008392334,2.6579999923706055,2.562999963760376,2.5829999446868896,91605
2024-09-26,2.5850000381469727,2.690000057220459,2.5239999294281006,2.640000104904175,187374
2024-09-27,2.9019999504089355,2.931999921798706,2.7200000286102295,2.74399995803833,224258
2024-09-30,2.9230000972747803,2.947999954223633,2.865000009536743,2.8989999294281006,156783
2024-10-01,2.8959999084472656,2.941999912261963,2.825000047683716,2.9070000648498535,161084
2024-10-02,2.885999917984009,3.0,2.869999885559082,2.8980000019073486,162673
2024-10-03,2.9700000286102295,2.98799991607666,2.9000000953674316,2.9210000038146973,133170
2024-10-04,2.8540000915527344,3.0190000534057617,2.8310000896453857,2.9709999561309814,173745
2024-10-07,2.746000051498413,2.8389999866485596,2.7049999237060547,2.8269999027252197,216871
2024-10-08,2.7330000400543213,2.7809998989105225,2.6989998817443848,2.7330000400543213,162513
2024-10-09,2.6600000858306885,2.7239999771118164,2.631999969482422,2.7090001106262207,190644
2024-10-10,2.674999952316284,2.700000047683716,2.5880000591278076,2.6470000743865967,188461
2024-10-11,2.631999969482422,2.7269999980926514,2.615000009536743,2.687000036239624,150928
2024-10-14,2.49399995803833,2.625,2.4760000705718994,2.624000072479248,139692
2024-10-15,2.497999906539917,2.549999952316284,2.444999933242798,2.4820001125335693,156441
2024-10-16,2.367000102996826,2.496999979019165,2.3580000400543213,2.48799991607666,173482
2024-10-17,2.3469998836517334,2.4170000553131104,2.3380000591278076,2.377000093460083,135847
2024-10-18,2.257999897003174,2.369999885559082,2.247999906539917,2.3489999771118164,164160
2024-10-21,2.312000036239624,2.36899995803833,2.2100000381469727,2.2200000286102295,154025
2024-10-22,2.311000108718872,2.375,2.2709999084472656,2.364000082015991,198772
2024-10-23,2.3420000076293945,2.441999912261963,2.257999897003174,2.3010001182556152,145225
2024-10-24,2.5220000743865967,2.5820000171661377,2.372999906539917,2.4000000953674316,139719
2024-10-25,2.559999942779541,2.5789999961853027,2.4600000381469727,2.5309998989105225,67455
2024-10-28,2.309000015258789,2.5160000324249268,2.2679998874664307,2.505000114440918,89409
2024-10-29,2.3459999561309814,2.3910000324249268,2.200000047683716,2.259000062942505,143883
2024-10-30,2.8450000286102295,2.9189999103546143,2.7699999809265137,2.9049999713897705,162834
2024-10-31,2.7070000171661377,2.8299999237060547,2.687999963760376,2.812999963760376,185486
2024-11-01,2.6630001068115234,2.7239999771118164,2.631999969482422,2.7019999027252197,166422
2024-11-04,2.7809998989105225,2.7950000762939453,2.5139999389648438,2.559999942779541,201168
2024-11-05,2.6700000762939453,2.818000078201294,2.6510000228881836,2.7890000343322754,153934
2024-11-06,2.746999979019165,2.7960000038146973,2.6600000858306885,2.678999900817871,157298
2024-11-07,2.693000078201294,2.7780001163482666,2.6559998989105225,2.7109999656677246,165551
2024-11-08,2.6689999103546143,2.747999906539917,2.6429998874664307,2.694000005722046,158000
2024-11-11,2.9200000762939453,2.9560000896453857,2.7690000534057617,2.7699999809265137,252383
2024-11-12,2.9070000648498535,3.013000011444092,2.8550000190734863,2.9519999027252197,245266
2024-11-13,2.9830000400543213,3.0199999809265137,2.8299999237060547,2.9140000343322754,218400
2024-11-14,2.7850000858306885,2.984999895095825,2.759000062942505,2.9809999465942383,209678
2024-11-15,2.822999954223633,2.8429999351501465,2.687999963760376,2.765000104904175,181092
2024-11-18,2.9730000495910645,2.9769999980926514,2.8320000171661377,2.924999952316284,188338
2024-11-19,2.997999906539917,3.058000087738037,2.9049999713897705,2.9509999752044678,211932
2024-11-20,3.193000078201294,3.236999988555908,2.941999912261963,2.9619998931884766,225693
2024-11-21,3.3389999866485596,3.4509999752044678,3.194999933242798,3.2160000801086426,192156
2024-11-22,3.128999948501587,3.562999963760376,3.071000099182129,3.390000104904175,95807
2024-11-25,3.36899995803833,3.4609999656677246,3.2639999389648438,3.3559999465942383,108485
2024-11-26,3.430999994277954,3.5,3.255000114440918,3.3299999237060547,222049
2024-11-27,3.2039999961853027,3.4700000286102295,3.188999891281128,3.4679999351501465,214291
2024-11-29,3.36299991607666,3.384000062942505,3.174999952316284,3.194999933242798,163060
2024-12-02,3.2130000591278076,3.2790000438690186,3.1480000019073486,3.2200000286102295,208653
2024-12-03,3.0420000553131104,3.2170000076293945,3.0299999713897705,3.2070000171661377,184347
2024-12-04,3.0429999828338623,3.0880000591278076,2.9769999980926514,3.0480000972747803,171700
2024-12-05,3.0789999961853027,3.1549999713897705,3.0350000858306885,3.071000099182129,183885
2024-12-06,3.0759999752044678,3.1080000400543213,3.003999948501587,3.0869998931884766,188687
2024-12-09,3.181999921798706,3.3239998817443848,3.13700008392334,3.259999990463257,258430
2024-12-10,3.1630001068115234,3.193000078201294,3.069000005722046,3.188999891281128,233880
2024-12-11,3.378000020980835,3.4040000438690186,3.180999994277954,3.193000078201294,276534
2024-12-12,3.4549999237060547,3.559000015258789,3.2820000648498535,3.364000082015991,328089
2024-12-13,3.2799999713897705,3.489000082015991,3.2639999389648438,3.4579999446868896,213643
2024-12-16,3.2139999866485596,3.253000020980835,3.1449999809265137,3.2100000381469727,172230
2024-12-17,3.308000087738037,3.3940000534057617,3.0910000801086426,3.2269999980926514,229155
2024-12-18,3.374000072479248,3.440999984741211,3.312000036239624,3.368000030517578,193391
2024-12-19,3.5840001106262207,3.6459999084472656,3.3910000324249268,3.4049999713897705,195546
2024-12-20,3.747999906539917,3.828000068664551,3.553999900817871,3.631999969482422,221930
2024-12-23,3.6559998989105225,3.944000005722046,3.5810000896453857,3.86899995803833,125622
2024-12-24,3.946000099182129,3.9579999446868896,3.6659998893737793,3.694999933242798,66852
2024-12-26,3.7149999141693115,4.010000228881836,3.6519999504089355,3.9700000286102295,67209
2024-12-27,3.5139999389648438,3.88700008392334,3.369999885559082,3.7070000171661377,189959
2024-12-30,3.936000108718872,4.201000213623047,3.6480000019073486,3.6570000648498535,374324
2024-12-31,3.632999897003174,4.01200008392334,3.5769999027252197,3.9149999618530273,184552
2025-01-02,3.6600000858306885,3.8010001182556152,3.5409998893737793,3.6559998989105225,156670
2025-01-03,3.3540000915527344,3.680000066757202,3.3299999237060547,3.6689999103546143,188094
2025-01-06,3.671999931335449,3.7260000705718994,3.502000093460083,3.553999900817871,228124
2025-01-07,3.4489998817443848,3.73799991607666,3.427000045776367,3.7049999237060547,182148
2025-01-08,3.6510000228881836,3.694000005722046,3.427000045776367,3.447999954223633,189259
2025-01-09,3.7009999752044678,3.8299999237060547,3.552000045776367,3.681999921798706,145203
2025-01-10,3.989000082015991,4.01800012588501,3.684999942779541,3.7090001106262207,229112
2025-01-13,3.934000015258789,4.36899995803833,3.8450000286102295,4.3470001220703125,195514
2025-01-14,3.9679999351501465,4.059000015258789,3.7360000610351562,3.930000066757202,167416
2025-01-15,4.083000183105469,4.140999794006348,3.8589999675750732,3.9549999237060547,169338
2025-01-16,4.257999897003174,4.328000068664551,4.01800012588501,4.130000114440918,193018
2025-01-17,3.947999954223633,4.308000087738037,3.9100000858306885,4.28000020980835,204277
2025-01-21,3.75600004196167,3.9140000343322754,3.7190001010894775,3.815000057220459,209907
2025-01-22,3.9600000381469727,4.008999824523926,3.7109999656677246,3.7860000133514404,128783
2025-01-23,3.944999933242798,4.047999858856201,3.8610000610351562,4.000999927520752,120839
2025-01-24,4.0269999504089355,4.050000190734863,3.808000087738037,3.933000087738037,87568
2025-01-27,3.697000026702881,3.8269999027252197,3.6089999675750732,3.7850000858306885,66940
2025-01-28,3.4709999561309814,3.7200000286102295,3.3610000610351562,3.6989998817443848,63816
2025-01-29,3.5350000858306885,3.5880000591278076,3.312999963760376,3.3350000381469727,167840
2025-01-30,3.046999931335449,3.240000009536743,3.0350000858306885,3.174999952316284,201741
2025-01-31,3.0439999103546143,3.118000030517578,2.990000009536743,3.0810000896453857,138212
2025-02-03,3.3519999980926514,3.4070000648498535,3.2300000190734863,3.2300000190734863,273510
2025-02-04,3.253000020980835,3.3499999046325684,3.1679999828338623,3.3269999027252197,182531
2025-02-05,3.359999895095825,3.375,3.1610000133514404,3.2290000915527344,170256
2025-02-06,3.4079999923706055,3.434000015258789,3.302999973297119,3.3550000190734863,177672
2025-02-07,3.309000015258789,3.434999942779541,3.2960000038146973,3.380000114440918,188698
2025-02-10,3.444000005722046,3.486999988555908,3.3519999980926514,3.4059998989105225,203924
2025-02-11,3.5190000534057617,3.5759999752044678,3.430999994277954,3.441999912261963,219162
2025-02-12,3.565000057220459,3.5829999446868896,3.4690001010894775,3.509999990463257,194725
2025-02-13,3.628000020980835,3.7860000133514404,3.5829999446868896,3.5910000801086426,305899
2025-02-14,3.7249999046325684,3.8010001182556152,3.634999990463257,3.6500000953674316,201102
2025-02-18,4.006999969482422,4.017000198364258,3.553999900817871,3.614000082015991,300505
2025-02-19,4.28000020980835,4.394000053405762,3.947000026702881,4.013000011444092,338827
2025-02-20,4.1519999504089355,4.47599983215332,4.033999919891357,4.38100004196167,211817
2025-02-21,4.234000205993652,4.443999767303467,4.1479997634887695,4.173999786376953,164320
2025-02-24,3.99399995803833,4.090000152587891,3.9059998989105225,4.065000057220459,82872
2025-02-25,4.173999786376953,4.185999870300293,3.934999942779541,3.986999988555908,91529
2025-02-26,3.9059998989105225,4.211999893188477,3.859999895095825,4.130000114440918,172826
2025-02-27,3.934000015258789,4.065000057220459,3.878000020980835,3.9660000801086426,171402
2025-02-28,3.8340001106262207,3.9539999961853027,3.813999891281128,3.938999891281128,141989
2025-03-03,4.122000217437744,4.172999858856201,3.742000102996826,3.7790000438690186,269838
2025-03-04,4.349999904632568,4.551000118255615,4.056000232696533,4.168000221252441,350513
2025-03-05,4.449999809265137,4.51800012588501,4.2270002365112305,4.316999912261963,224571
2025-03-06,4.302000045776367,4.4710001945495605,4.254000186920166,4.466000080108643,202475
2025-03-07,4.39900016784668,4.426000118255615,4.131999969482422,4.285999774932861,211901
2025-03-10,4.491000175476074,4.901000022888184,4.447000026702881,4.4670000076293945,221480
2025-03-11,4.453000068664551,4.5879998207092285,4.334000110626221,4.460999965667725,192161
2025-03-12,4.084000110626221,4.379000186920166,4.0289998054504395,4.3460001945495605,224052
2025-03-13,4.111000061035156,4.195000171661377,3.9549999237060547,4.0320000648498535,227071
2025-03-14,4.104000091552734,4.140999794006348,3.9619998931884766,4.039999961853027,144405
2025-03-17,4.01800012588501,4.2179999351501465,3.9769999980926514,4.124000072479248,153362
2025-03-18,4.052000045776367,4.127999782562256,3.9700000286102295,4.002999782562256,171724
2025-03-19,4.247000217437744,4.258999824523926,4.046000003814697,4.052000045776367,149299
2025-03-20,3.9749999046325684,4.247000217437744,3.9549999237060547,4.209000110626221,185932
2025-03-21,3.9800000190734863,4.045000076293945,3.864000082015991,3.9609999656677246,125273
2025-03-24,3.9140000343322754,4.01200008392334,3.861999988555908,3.880000114440918,78987
2025-03-25,3.8399999141693115,3.990000009536743,3.7960000038146973,3.9089999198913574,50289
2025-03-26,3.8610000610351562,3.930000066757202,3.812999963760376,3.865999937057495,52751
2025-03-27,3.950000047683716,4.015999794006348,3.688999891281128,3.8589999675750732,181918
2025-03-28,4.065000057220459,4.099999904632568,3.8359999656677246,3.9149999618530273,176361
2025-03-31,4.11899995803833,4.252999782562256,4.054999828338623,4.176000118255615,171857
2025-04-01,3.9509999752044678,4.1479997634887695,3.934000015258789,4.131999969482422,156694
2025-04-02,4.054999828338623,4.089000225067139,3.934999942779541,3.950000047683716,141243
2025-04-03,4.138000011444092,4.203000068664551,3.9679999351501465,4.011000156402588,165412
2025-04-04,3.8369998931884766,4.1529998779296875,3.811000108718872,4.11899995803833,246548
2025-04-07,3.6549999713897705,3.938999891281128,3.5999999046325684,3.811000108718872,298843
2025-04-08,3.4649999141693115,3.7829999923706055,3.4619998931884766,3.630000114440918,278152
2025-04-09,3.815999984741211,3.8289999961853027,3.3359999656677246,3.4809999465942383,359064
2025-04-10,3.556999921798706,3.750999927520752,3.4660000801086426,3.746999979019165,260676
2025-04-11,3.5269999504089355,3.5759999752044678,3.3940000534057617,3.5199999809265137,181628
2025-04-14,3.325000047683716,3.61299991607666,3.312000036239624,3.5,160225
2025-04-15,3.3289999961853027,3.378000020980835,3.2160000801086426,3.3450000286102295,143589
2025-04-16,3.246999979019165,3.318000078201294,3.2039999961853027,3.318000078201294,150410
2025-04-17,3.244999885559082,3.3340001106262207,3.190999984741211,3.26200008392334,145610
2025-04-21,3.0160000324249268,3.2249999046325684,2.99399995803833,3.197999954223633,175116
2025-04-22,3.006999969482422,3.0950000286102295,2.9549999237060547,3.0510001182556152,133976
2025-04-23,3.0220000743865967,3.0739998817443848,2.9670000076293945,3.0460000038146973,86140
2025-04-24,2.930000066757202,3.0160000324249268,2.8580000400543213,3.010999917984009,66984
2025-04-25,2.937000036239624,2.9830000400543213,2.868000030517578,2.938999891281128,58815
2025-04-28,3.1700000762939453,3.187000036239624,2.8589999675750732,2.884000062942505,229473
2025-04-29,3.385999917984009,3.4570000171661377,3.306999921798706,3.319999933242798,156565
2025-04-30,3.3259999752044678,3.3989999294281006,3.259999990463257,3.380000114440918,145962
2025-05-01,3.4790000915527344,3.5399999618530273,3.3399999141693115,3.3529999256134033,159640
2025-05-02,3.630000114440918,3.6730000972747803,3.4179999828338623,3.446000099182129,140954
2025-05-05,3.549999952316284,3.746999979019165,3.5309998989105225,3.6710000038146973,161317
2025-05-06,3.4630000591278076,3.6480000019073486,3.4230000972747803,3.568000078201294,200855
2025-05-07,3.621000051498413,3.6559998989105225,3.486999988555908,3.486999988555908,162366
2025-05-08,3.5920000076293945,3.7230000495910645,3.5269999504089355,3.631999969482422,158746
2025-05-09,3.7950000762939453,3.815000057220459,3.61299991607666,3.621000051498413,174974
2025-05-12,3.6459999084472656,3.8399999141693115,3.6080000400543213,3.7750000953674316,163731
2025-05-13,3.6470000743865967,3.7279999256134033,3.569999933242798,3.677000045776367,130015
2025-05-14,3.492000102996826,3.634999990463257,3.4539999961853027,3.621999979019165,119947
2025-05-15,3.361999988555908,3.499000072479248,3.3350000381469727,3.4670000076293945,152653
2025-05-16,3.3340001106262207,3.4489998817443848,3.305000066757202,3.371999979019165,141334
2025-05-19,3.11299991607666,3.2699999809265137,3.0980000495910645,3.2690000534057617,182905
2025-05-20,3.427000045776367,3.453000068664551,3.1070001125335693,3.1070001125335693,230771
2025-05-21,3.368000030517578,3.513000011444092,3.3359999656677246,3.4149999618530273,135733
2025-05-22,3.253000020980835,3.38100004196167,3.23799991607666,3.3559999465942383,91988
2025-05-23,3.3340001106262207,3.3499999046325684,3.2170000076293945,3.2829999923706055,60597
2025-05-27,3.3980000019073486,3.444999933242798,3.2139999866485596,3.375999927520752,55895
2025-05-28,3.2039999961853027,3.510999917984009,3.1519999504089355,3.4049999713897705,204259
2025-05-29,3.5220000743865967,3.5759999752044678,3.437000036239624,3.5350000858306885,180662
2025-05-30,3.447000026702881,3.563999891281128,3.440000057220459,3.5350000858306885,131545
2025-06-02,3.694000005722046,3.75,3.500999927520752,3.500999927520752,199977
2025-06-03,3.7219998836517334,3.7639999389648438,3.630000114440918,3.747999906539917,139410
2025-06-04,3.7160000801086426,3.740000009536743,3.6610000133514404,3.7290000915527344,126093
2025-06-05,3.677000045776367,3.7909998893737793,3.619999885559082,3.703000068664551,208764
2025-06-06,3.7839999198913574,3.816999912261963,3.6489999294281006,3.6530001163482666,180631
2025-06-09,3.634999990463257,3.7690000534057617,3.5810000896453857,3.7190001010894775,215678
2025-06-10,3.5329999923706055,3.6619999408721924,3.515000104904175,3.611999988555908,179312
2025-06-11,3.506999969482422,3.625999927520752,3.453000068664551,3.5260000228881836,211742
2025-06-12,3.492000102996826,3.6440000534057617,3.4660000801086426,3.5190000534057617,220853
2025-06-13,3.5810000896453857,3.622999906539917,3.499000072479248,3.5409998893737793,133290
2025-06-16,3.747999906539917,3.759999990463257,3.634000062942505,3.7039999961853027,171746
2025-06-17,3.8510000705718994,3.88100004196167,3.7200000286102295,3.746000051498413,163883
2025-06-18,3.989000082015991,4.001999855041504,3.813999891281128,3.861999988555908,0
2025-06-20,3.8469998836517334,4.1479997634887695,3.818000078201294,3.984999895095825,194501
2025-06-23,3.697999954223633,3.9489998817443848,3.6659998893737793,3.9489998817443848,102698
2025-06-24,3.5369999408721924,3.684000015258789,3.5299999713897705,3.680999994277954,70983
2025-06-25,3.4059998989105225,3.5869998931884766,3.371999979019165,3.5490000247955322,74500
2025-06-26,3.260999917984009,3.424999952316284,3.1989998817443848,3.3940000534057617,230496
2025-06-27,3.739000082015991,3.750999927520752,3.513000011444092,3.5299999713897705,153056
2025-06-30,3.4560000896453857,3.73799991607666,3.4210000038146973,3.734999895095825,212922
2025-07-01,3.4149999618530273,3.4679999351501465,3.2929999828338623,3.453000068664551,177010
2025-07-02,3.48799991607666,3.5199999809265137,3.365999937057495,3.4170000553131104,115605
2025-07-03,3.4089999198913574,3.5739998817443848,3.3919999599456787,3.5,0
2025-07-04,3.38700008392334,3.434999942779541,3.365999937057495,3.4030001163482666,0
2025-07-07,3.4119999408721924,3.4719998836517334,3.2750000953674316,3.3440001010894775,163396
2025-07-08,3.3399999141693115,3.4690001010894775,3.325000047683716,3.4059998989105225,130237
2025-07-09,3.2139999866485596,3.3589999675750732,3.1489999294281006,3.3480000495910645,217203
2025-07-10,3.3369998931884766,3.3980000019073486,3.190999984741211,3.2079999446868896,163043
2025-07-11,3.313999891281128,3.4179999828338623,3.2929999828338623,3.365000009536743,130290
2025-07-14,3.4660000801086426,3.499000072479248,3.382999897003174,3.4040000438690186,149455
2025-07-15,3.5230000019073486,3.5420000553131104,3.4010000228881836,3.447000026702881,132955
2025-07-16,3.5510001182556152,3.5980000495910645,3.490999937057495,3.5190000534057617,116044
2025-07-17,3.5420000553131104,3.628999948501587,3.510999917984009,3.556999921798706,108569
2025-07-18,3.565000057220459,3.628000020980835,3.49399995803833,3.5190000534057617,123961
2025-07-21,3.325000047683716,3.4749999046325684,3.2869999408721924,3.4639999866485596,176972
2025-07-22,3.252000093460083,3.3310000896453857,3.2100000381469727,3.316999912261963,124612
2025-07-23,3.0769999027252197,3.2669999599456787,3.061000108718872,3.253000020980835,158442
2025-07-24,3.0940001010894775,3.1659998893737793,3.065000057220459,3.069999933242798,75361
2025-07-25,3.109999895095825,3.1449999809265137,3.068000078201294,3.109999895095825,39115
2025-07-28,2.98799991607666,3.140000104904175,2.9839999675750732,3.0929999351501465,69852
2025-07-29,3.0810000896453857,3.111999988555908,3.010999917984009,3.0339999198913574,117204
2025-07-30,3.0450000762939453,3.186000108718872,3.0139999389648438,3.1640000343322754,126252
2025-07-31,3.1059999465942383,3.114000082015991,2.9719998836517334,3.0260000228881836,168396
2025-08-01,3.0829999446868896,3.13100004196167,3.0510001182556152,3.0999999046325684,102378
2025-08-04,2.931999921798706,3.078000068664551,2.8949999809265137,3.065000057220459,167435
2025-08-05,3.009999990463257,3.0409998893737793,2.928999900817871,2.946000099182129,134125
2025-08-06,3.0769999027252197,3.0959999561309814,2.944999933242798,3.015000104904175,133710
2025-08-07,3.066999912261963,3.1480000019073486,3.0350000858306885,3.0989999771118164,171662
2025-08-08,2.990000009536743,3.1059999465942383,2.9600000381469727,3.0859999656677246,164260
2025-08-11,2.9539999961853027,3.0,2.88100004196167,2.8949999809265137,156872
2025-08-12,2.808000087738037,2.984999895095825,2.7739999294281006,2.9779999256134033,219061
2025-08-13,2.828000068664551,2.8510000705718994,2.7639999389648438,2.7839999198913574,179251
2025-08-14,2.8410000801086426,2.8519999980926514,2.7739999294281006,2.818000078201294,138654
2025-08-15,2.9159998893737793,2.9660000801086426,2.8359999656677246,2.8499999046325684,132775
2025-08-18,2.890000104904175,2.921999931335449,2.7990000247955322,2.877000093460083,143784
2025-08-19,2.7660000324249268,2.9119999408721924,2.7249999046325684,2.9049999713897705,171271
2025-08-20,2.752000093460083,2.7769999504089355,2.7249999046325684,2.756999969482422,121113
2025-08-21,2.8259999752044678,2.8489999771118164,2.740000009536743,2.765000104904175,115270
2025-08-22,2.697999954223633,2.819000005722046,2.688999891281128,2.812999963760376,79364
2025-08-25,2.696000099182129,2.7170000076293945,2.621999979019165,2.6389999389648438,60316
2025-08-26,2.7170000076293945,2.742000102996826,2.6540000438690186,2.7109999656677246,70243
2025-08-27,2.867000102996826,2.9059998989105225,2.6760001182556152,2.73799991607666,162239
2025-08-28,2.944000005722046,2.999000072479248,2.8499999046325684,2.874000072479248,186265
2025-08-29,2.996999979019165,3.0230000019073486,2.9210000038146973,2.984999895095825,0
2025-09-02,3.009000062942505,3.065000057220459,2.86899995803833,2.9719998836517334,226571
2025-09-03,3.063999891281128,3.13100004196167,2.9639999866485596,2.992000102996826,187561
2025-09-04,3.0739998817443848,3.130000114440918,3.0220000743865967,3.075000047683716,165913
2025-09-05,3.0480000972747803,3.130000114440918,3.0209999084472656,3.078000068664551,130911
2025-09-08,3.0899999141693115,3.197999954223633,3.055999994277954,3.0869998931884766,200532
2025-09-09,3.117000102996826,3.1649999618530273,3.0460000038146973,3.0980000495910645,181519
2025-09-10,3.0290000438690186,3.117000102996826,3.007999897003174,3.1070001125335693,171976
2025-09-11,2.934000015258789,3.062000036239624,2.9110000133514404,3.0290000438690186,199072
2025-09-12,2.940999984741211,3.0,2.8970000743865967,2.9179999828338623,160049
2025-09-15,3.0429999828338623,3.049999952316284,2.9159998893737793,2.9509999752044678,152709
2025-09-16,3.1029999256134033,3.138000011444092,2.86899995803833,3.0450000762939453,166585
2025-09-17,3.0999999046325684,3.1679999828338623,3.068000078201294,3.117000102996826,132465
2025-09-18,2.938999891281128,3.1070001125335693,2.924999952316284,3.0759999752044678,180476
2025-09-19,2.888000011444092,2.9489998817443848,2.8570001125335693,2.938999891281128,142217
2025-09-22,2.805999994277954,2.944999933242798,2.803999900817871,2.9089999198913574,163184
2025-09-23,2.8529999256134033,2.869999885559082,2.7720000743865967,2.805999994277954,70892
2025-09-24,2.8580000400543213,2.9140000343322754,2.815999984741211,2.86299991607666,55699
2025-09-25,2.9040000438690186,2.9679999351501465,2.8480000495910645,2.878999948501587,74214
2025-09-26,2.8350000381469727,2.944000005722046,2.7880001068115234,2.9119999408721924,168752
2025-09-29,3.2669999599456787,3.2990000247955322,3.132999897003174,3.1489999294281006,166628
2025-09-30,3.302999973297119,3.3510000705718994,3.244999885559082,3.2790000438690186,162025
2025-10-01,3.4760000705718994,3.492000102996826,3.318000078201294,3.3310000896453857,240703
2025-10-02,3.441999912261963,3.5850000381469727,3.4019999504089355,3.4570000171661377,259354
2025-10-03,3.3239998817443848,3.4509999752044678,3.306999921798706,3.4130001068115234,217261
2025-10-06,3.3570001125335693,3.484999895095825,3.2960000038146973,3.299999952316284,165229
2025-10-07,3.497999906539917,3.5239999294281006,3.3550000190734863,3.3980000019073486,230258
2025-10-08,3.3329999446868896,3.549999952316284,3.315999984741211,3.5239999294281006,242687
2025-10-09,3.2690000534057617,3.3929998874664307,3.234999895095825,3.3359999656677246,198680
2025-10-10,3.1059999465942383,3.253000020980835,3.0889999866485596,3.239000082015991,195346
2025-10-13,3.118000030517578,3.138000011444092,3.0290000438690186,3.0999999046325684,195346
2025-10-14,3.0280001163482666,3.1059999465942383,3.003999948501587,3.1029999256134033,150478
2025-10-15,3.0160000324249268,3.0409998893737793,2.9639999866485596,3.0290000438690186,149150
2025-10-16,2.937999963760376,3.066999912261963,2.921999931335449,3.0360000133514404,161360
2025-10-17,3.007999897003174,3.0239999294281006,2.8929998874664307,2.9260001182556152,128236
2025-10-20,3.3970000743865967,3.430000066757202,3.135999917984009,3.1600000858306885,266597
2025-10-21,3.4739999771118164,3.503999948501587,3.3570001125335693,3.4210000038146973,197775
2025-10-22,3.450000047683716,3.572000026702881,3.385999917984009,3.486999988555908,202361
2025-10-23,3.3440001010894775,3.506999969482422,3.2899999618530273,3.438999891281128,157089
2025-10-24,3.303999900817871,3.3970000743865967,3.200000047683716,3.2850000858306885,108141
2025-10-27,3.441999912261963,3.4690001010894775,3.260999917984009,3.4100000858306885,67444
2025-10-28,3.3450000286102295,3.434999942779541,3.239000082015991,3.4110000133514404,85022
2025-10-29,3.375999927520752,3.4049999713897705,3.193000078201294,3.2709999084472656,153684
2025-10-30,3.9560000896453857,4.071000099182129,3.7860000133514404,3.7980000972747803,201075
2025-10-31,4.124000072479248,4.1570000648498535,4.014999866485596,4.060999870300293,238492
2025-11-03,4.265999794006348,4.297999858856201,4.086999893188477,4.159999847412109,0
2025-11-04,4.3429999351501465,4.395999908447266,4.183000087738037,4.25600004196167,231288
2025-11-05,4.23199987411499,4.35099983215332,4.205999851226807,4.320000171661377,156270
2025-11-06,4.35699987411499,4.420000076293945,4.191999912261963,4.238999843597412,193866
2025-11-07,4.315000057220459,4.419000148773193,4.26800012588501,4.413000106811523,178319
2025-11-10,4.3379998207092285,4.508999824523926,4.26200008392334,4.480000019073486,189080
2025-11-11,4.565000057220459,4.580999851226807,4.276000022888184,4.375,243691
2025-11-12,4.5329999923706055,4.581999778747559,4.460999965667725,4.526000022888184,170351
2025-11-13,4.645999908447266,4.688000202178955,4.453999996185303,4.534999847412109,201019
2025-11-14,4.565999984741211,4.635000228881836,4.375999927520752,4.5970001220703125,227908
2025-11-17,4.361000061035156,4.540999889373779,4.322999954223633,4.531000137329102,191623
2025-11-18,4.370999813079834,4.401000022888184,4.235000133514404,4.3420000076293945,204812
2025-11-19,4.550000190734863,4.6020002365112305,4.349999904632568,4.374000072479248,152272
2025-11-20,4.473999977111816,4.611999988555908,4.458000183105469,4.565999984741211,105538
2025-11-21,4.579999923706055,4.675000190734863,4.460999965667725,4.488999843597412,80707
2025-11-24,4.548999786376953,4.576000213623047,4.443999767303467,4.465000152587891,78483
2025-11-25,4.423999786376953,4.546999931335449,4.267000198364258,4.500999927520752,240457
2025-11-26,4.558000087738037,4.644000053405762,4.441999912261963,4.482999801635742,155159
2025-11-28,4.849999904632568,4.870999813079834,4.5269999504089355,4.618000030517578,127694
2025-12-01,4.921000003814697,4.952000141143799,4.757999897003174,4.869999885559082,209469
2025-12-02,4.840000152587891,4.984000205993652,4.804999828338623,4.9019999504089355,172375
2025-12-03,4.994999885559082,5.039000034332275,4.818999767303467,4.827000141143799,186366
2025-12-04,5.063000202178955,5.090000152587891,4.870999813079834,5.010000228881836,209843
2025-12-05,5.289000034332275,5.495999813079834,5.0269999504089355,5.077000141143799,376679
2025-12-08,4.9120001792907715,5.204999923706055,4.849999904632568,5.099999904632568,301953
2025-12-09,4.573999881744385,4.877999782562256,4.551000118255615,4.868000030517578,249501
2025-12-10,4.59499979019165,4.696000099182129,4.454999923706055,4.578000068664551,271105
2025-12-11,4.230999946594238,4.63100004196167,4.196000099182129,4.625999927520752,287859
2025-12-12,4.11299991607666,4.256999969482422,4.065000057220459,4.230999946594238,199844
2025-12-15,4.01200008392334,4.2179999351501465,3.993000030517578,4.171000003814697,169239
2025-12-16,3.885999917984009,4.045000076293945,3.8420000076293945,4.0370001792907715,155859
2025-12-17,4.02400016784668,4.113999843597412,3.9200000762939453,3.936000108718872,153559
2025-12-18,3.9079999923706055,4.2179999351501465,3.877000093460083,4.117000102996826,158058
2025-12-19,3.9839999675750732,4.03000020980835,3.8399999141693115,3.941999912261963,145508
2025-12-22,3.9649999141693115,4.139999866485596,3.796999931335449,4.080999851226807,157602
2025-12-23,4.4079999923706055,4.448999881744385,3.943000078201294,3.990000009536743,126794
2025-12-24,4.242000102996826,4.5929999351501465,4.179999828338623,4.414999961853027,57070
2025-12-26,4.366000175476074,4.421000003814697,4.196000099182129,4.196000099182129,46351
2025-12-29,4.686999797821045,4.7210001945495605,4.35099983215332,4.449999809265137,163457
2025-12-30,3.9719998836517334,4.176000118255615,3.9159998893737793,3.947000026702881,136981
2025-12-31,3.686000108718872,3.9830000400543213,3.678999900817871,3.9760000705718994,132231
2026-01-02,3.618000030517578,3.703000068664551,3.562999963760376,3.678999900817871,133024
2026-01-05,3.5230000019073486,3.5299999713897705,3.3550000190734863,3.506999969482422,228737
2026-01-06,3.3499999046325684,3.502000093460083,3.3239998817443848,3.492000102996826,145165
2026-01-07,3.5250000953674316,3.5910000801086426,3.4189999103546143,3.424999952316284,151941
2026-01-08,3.4070000648498535,3.634000062942505,3.3550000190734863,3.562999963760376,193218
2026-01-09,3.1689999103546143,3.496000051498413,3.13100004196167,3.4100000858306885,322218
2026-01-12,3.4089999198913574,3.430999994277954,3.181999921798706,3.2899999618530273,248893
2026-01-13,3.4189999103546143,3.499000072479248,3.2980000972747803,3.3580000400543213,187132
2026-01-14,3.119999885559082,3.443000078201294,3.068000078201294,3.384000062942505,215332
2026-01-15,3.128000020980835,3.2179999351501465,3.00600004196167,3.1019999980926514,180723
2026-01-16,3.1029999256134033,3.2300000190734863,3.0199999809265137,3.1459999084472656,139667
2026-01-20,3.9070000648498535,3.990000009536743,3.380000114440918,3.5,410520
2026-01-21,4.875,5.098999977111816,3.8340001106262207,3.9030001163482666,367003
2026-01-22,5.045000076293945,5.650000095367432,4.769000053405762,5.039000034332275,310947
2026-01-23,5.275000095367432,5.434000015258789,4.659999847412109,4.872000217437744,107108
2026-01-26,6.800000190734863,7.439000129699707,5.728000164031982,5.790999889373779,99498
2026-01-27,6.953999996185303,7.309999942779541,5.771999835968018,6.645999908447266,77676
2026-01-28,7.460000038146973,7.827000141143799,5.900000095367432,6.5,235065
2026-01-29,3.9179999828338623,3.930000066757202,3.7279999256134033,3.742000102996826,234642
2026-01-30,4.354000091552734,4.425000190734863,3.818000078201294,3.878999948501587,351649
2026-02-02,3.236999988555908,3.7360000610351562,3.1549999713897705,3.7079999446868896,554857
2026-02-03,3.311000108718872,3.3970000743865967,3.1689999103546143,3.263000011444092,238550
2026-02-04,3.4649999141693115,3.5480000972747803,3.2639999389648438,3.369999885559082,194662
2026-02-05,3.509000062942505,3.572999954223633,3.328000068664551,3.4719998836517334,202389
2026-02-06,3.421999931335449,3.6589999198913574,3.38700008392334,3.5169999599456787,215129
2026-02-09,3.138000011444092,3.265000104904175,3.1110000610351562,3.25,211763
2026-02-10,3.115000009536743,3.2139999866485596,3.061000108718872,3.1410000324249268,175754
2026-02-11,3.1589999198913574,3.249000072479248,3.055000066757202,3.1589999198913574,174848
2026-02-12,3.2170000076293945,3.315999984741211,3.180000066757202,3.2219998836517334,222258
2026-02-13,3.243000030517578,3.2780001163482666,3.114000082015991,3.2190001010894775,125822
2026-02-17,3.0309998989105225,3.1710000038146973,2.9679999351501465,3.049999952316284,183610
2026-02-18,3.010999917984009,3.055999994277954,2.921999931335449,3.049999952316284,142497
2026-02-19,2.996000051498413,3.0950000286102295,2.9609999656677246,3.0220000743865967,120477
2026-02-20,3.046999931335449,3.1549999713897705,2.9489998817443848,2.9709999561309814,90717
2026-02-23,2.984999895095825,3.253000020980835,2.9769999980926514,3.240000009536743,55412
2026-02-24,2.9149999618530273,3.0139999389648438,2.9049999713897705,2.9809999465942383,69623
2026-02-25,2.9690001010894775,3.0169999599456787,2.8949999809265137,2.9200000762939453,133499
2026-02-26,2.8269999027252197,2.8910000324249268,2.7750000953674316,2.8910000324249268,139781
2026-02-27,2.8589999675750732,2.8940000534057617,2.818000078201294,2.8320000171661377,109106
2026-03-02,2.9600000381469727,3.069999933242798,2.867000102996826,2.928999900817871,174543
2026-03-03,3.053999900817871,3.187999963760376,2.9730000495910645,2.9800000190734863,225190
2026-03-04,2.9170000553131104,3.0759999752044678,2.8910000324249268,3.0409998893737793,155742
2026-03-05,3.003000020980835,3.0460000038146973,2.9200000762939453,2.937000036239624,148177
2026-03-06,3.186000108718872,3.2799999713897705,2.9509999752044678,3.0220000743865967,196840
2026-03-09,3.119999885559082,3.49399995803833,3.0209999084472656,3.303999900817871,233306
2026-03-10,3.0199999809265137,3.1470000743865967,2.9609999656677246,3.0269999504089355,205911
2026-03-11,3.2090001106262207,3.2279999256134033,3.0190000534057617,3.063999891281128,141651
2026-03-12,3.2330000400543213,3.2920000553131104,3.1449999809265137,3.2309999465942383,150134
2026-03-13,3.13100004196167,3.316999912261963,3.1089999675750732,3.252000093460083,129471
2026-03-16,3.0230000019073486,3.180000066757202,2.992000102996826,3.180000066757202,130165
2026-03-17,3.0329999923706055,3.0969998836517334,3.00600004196167,3.0360000133514404,101786
2026-03-18,3.065000057220459,3.2109999656677246,2.9230000972747803,3.0439999103546143,141167
2026-03-19,3.1659998893737793,3.2699999809265137,3.1029999256134033,3.1640000343322754,154492
2026-03-20,3.0950000286102295,3.1689999103546143,3.0450000762939453,3.119999885559082,106682
2026-03-23,2.8910000324249268,3.1530001163482666,2.875,3.1080000400543213,119426
2026-03-24,2.943000078201294,2.9739999771118164,2.875999927520752,2.9100000858306885,52369
2026-03-25,2.9519999027252197,2.984999895095825,2.864000082015991,2.9000000953674316,30840
2026-03-26,2.999000072479248,3.0250000953674316,2.9179999828338623,2.9839999675750732,61382
2026-03-27,3.0950000286102295,3.124000072479248,2.9649999141693115,2.9700000286102295,132398
2026-03-30,2.88700008392334,3.056999921798706,2.8510000705718994,3.055000066757202,126193
2026-03-31,2.884000062942505,2.9769999980926514,2.802999973297119,2.88700008392334,154156
2026-04-01,2.819000005722046,2.8989999294281006,2.7850000858306885,2.880000114440918,126772
2026-04-02,2.799999952316284,2.8889999389648438,2.7790000438690186,2.812999963760376,0
2026-04-06,2.811000108718872,2.868000030517578,2.7690000534057617,2.8380000591278076,100084
2026-04-07,2.869999885559082,2.888000011444092,2.75600004196167,2.803999900817871,135271
2026-04-08,2.7239999771118164,2.8440001010894775,2.7019999027252197,2.8429999351501465,223335
2026-04-09,2.6700000762939453,2.73799991607666,2.6549999713897705,2.7309999465942383,170766
2026-04-10,2.6480000019073486,2.688999891281128,2.628000020980835,2.6710000038146973,151051
2026-04-13,2.627000093460083,2.7230000495910645,2.615000009536743,2.690999984741211,155024
2026-04-14,2.5989999771118164,2.6600000858306885,2.561000108718872,2.628000020980835,174530
2026-04-15,2.609999895095825,2.628000020980835,2.569999933242798,2.5989999771118164,114648
2026-04-16,2.6470000743865967,2.678999900817871,2.5880000591278076,2.614000082015991,108047
2026-04-17,2.6740000247955322,2.7070000171661377,2.622999906539917,2.6670000553131104,109843
2026-04-20,2.688999891281128,2.746000051498413,2.671999931335449,2.687999963760376,92530
2026-04-21,2.697000026702881,2.7200000286102295,2.6429998874664307,2.674999952316284,94189
2026-04-22,2.7219998836517334,2.763000011444092,2.6760001182556152,2.7009999752044678,78929
2026-04-23,2.614000082015991,2.740000009536743,2.568000078201294,2.7179999351501465,79279
2026-04-24,2.5230000019073486,2.5940001010894775,2.494999885559082,2.5940001010894775,50988
2026-04-27,2.549999952316284,2.630000114440918,2.505000114440918,2.505000114440918,65552
2026-04-28,2.559000015258789,2.578000068664551,2.4830000400543213,2.5390000343322754,102074
2026-04-29,2.6470000743865967,2.691999912261963,2.615000009536743,2.680000066757202,98371
2026-04-30,2.7669999599456787,2.7939999103546143,2.5920000076293945,2.6489999294281006,172760
2026-05-01,2.7799999713897705,2.821000099182129,2.746000051498413,2.755000114440918,111530
2026-05-04,2.867000102996826,2.882999897003174,2.752000093460083,2.7829999923706055,125100
2026-05-05,2.7880001068115234,2.868000030517578,2.759999990463257,2.8510000705718994,115367
2026-05-06,2.7300000190734863,2.7890000343322754,2.690000057220459,2.7809998989105225,107146
2026-05-07,2.7690000534057617,2.812999963760376,2.6760001182556152,2.7260000705718994,166306
2026-05-08,2.756999969482422,2.8450000286102295,2.734999895095825,2.7880001068115234,124590
2026-05-11,2.9100000858306885,2.936000108718872,2.750999927520752,2.752000093460083,162409
2026-05-12,2.8429999351501465,2.944999933242798,2.803999900817871,2.9260001182556152,140080
2026-05-13,2.864000082015991,2.927000045776367,2.812999963760376,2.8329999446868896,132794
2026-05-14,2.8940000534057617,2.921999931335449,2.7980000972747803,2.867000102996826,144509
2026-05-15,2.9600000381469727,2.9820001125335693,2.8940000534057617,2.9200000762939453,144038
2026-05-18,3.0239999294281006,3.0899999141693115,2.9670000076293945,2.99399995803833,149997
2026-05-19,3.114000082015991,3.132999897003174,3.00600004196167,3.0309998989105225,144723
2026-05-20,3.003999948501587,3.138000011444092,2.984999895095825,3.11299991607666,149151
2026-05-21,3.0179998874664307,3.065999984741211,2.9800000190734863,3.0299999713897705,73478
2026-05-22,2.9070000648498535,3.009999990463257,2.888000011444092,3.0,63029
2026-05-26,2.8940000534057617,2.989000082015991,2.8589999675750732,2.9000000953674316,55626
2026-05-27,3.0399999618530273,3.055000066757202,2.8570001125335693,2.9100000858306885,188474
2026-05-28,3.2850000858306885,3.305999994277954,3.056999921798706,3.0880000591278076,200655
2026-05-29,3.2899999618530273,3.388000011444092,3.2720000743865967,3.2990000247955322,167682
2026-06-01,3.178999900817871,3.3959999084472656,3.1600000858306885,3.3350000381469727,171269
2026-06-02,3.1670000553131104,3.2279999256134033,3.0989999771118164,3.194000005722046,140767
2026-06-03,3.2139999866485596,3.26200008392334,3.1429998874664307,3.171999931335449,135015
2026-06-04,3.3359999656677246,3.375999927520752,3.2109999656677246,3.255000114440918,194709
2026-06-05,3.2290000915527344,3.365000009536743,3.2079999446868896,3.3550000190734863,181904
2026-06-08,3.1470000743865967,3.194999933242798,3.0969998836517334,3.184999942779541,199640
2026-06-09,3.140000104904175,3.2070000171661377,3.117000102996826,3.1440000534057617,179403
2026-06-10,3.184999942779541,3.249000072479248,3.072000026702881,3.138000011444092,194341
2026-06-11,3.0869998931884766,3.2039999961853027,3.053999900817871,3.186000108718872,206797
2026-06-12,3.119999885559082,3.1429998874664307,3.0309998989105225,3.0850000381469727,138859
2026-06-15,3.1470000743865967,3.1630001068115234,3.0169999599456787,3.0850000381469727,139274
2026-06-16,3.239000082015991,3.2679998874664307,3.127000093460083,3.1549999713897705,148973
2026-06-17,3.1449999809265137,3.2990000247955322,3.121000051498413,3.256999969482422,170489
2026-06-18,3.2330000400543213,3.246000051498413,3.125,3.1540000438690186,147984
2026-06-22,3.253000020980835,3.3350000381469727,3.2339999675750732,3.2799999713897705,151751
2026-06-23,3.1470000743865967,3.2769999504089355,3.1419999599456787,3.236999988555908,76512
2026-06-24,3.2209999561309814,3.2320001125335693,3.135999917984009,3.1610000133514404,39410
2026-06-25,3.3429999351501465,3.36299991607666,3.196000099182129,3.2230000495910645,106506
2026-06-26,3.2309999465942383,3.440999984741211,3.2009999752044678,3.302000045776367,171611
2026-06-29,3.180999994277954,3.312999963760376,3.1630001068115234,3.2809998989105225,153806
2026-06-30,3.2750000953674316,3.328000068664551,3.1589999198913574,3.1710000038146973,207986
2026-07-01,3.2200000286102295,3.2709999084472656,3.194999933242798,3.25600004196167,122894
2026-07-02,3.196000099182129,3.2200000286102295,3.1510000228881836,3.2139999866485596,137589
2026-07-06,3.244999885559082,3.25600004196167,3.1589999198913574,3.2060000896453857,205853
2026-07-07,3.265000104904175,3.319999933242798,3.180999994277954,3.253999948501587,172662
2026-07-08,3.2119998931884766,3.3550000190734863,3.203000068664551,3.2809998989105225,158732
2026-07-09,3.01200008392334,3.24399995803833,2.990999937057495,3.2190001010894775,240595
2026-07-10,2.940000057220459,3.0220000743865967,2.874000072479248,3.0160000324249268,187170
2026-07-13,2.8970000743865967,2.953000068664551,2.8469998836517334,2.930999994277954,137746
2026-07-14,2.9040000438690186,2.927999973297119,2.8499999046325684,2.9030001163482666,113702
2026-07-15,2.9240000247955322,2.940999984741211,2.865000009536743,2.9230000972747803,114040
2026-07-16,2.8580000400543213,2.9679999351501465,2.822999954223633,2.9210000038146973,141791
2026-07-17,2.9110000133514404,2.9260001182556152,2.8429999351501465,2.8940000534057617,106995
2026-07-20,2.859999895095825,2.9100000858306885,2.8310000896453857,2.875,131706
2026-07-21,2.865000009536743,2.9059998989105225,2.8389999866485596,2.8420000076293945,105685
2026-07-22,2.924999952316284,2.9509999752044678,2.865000009536743,2.8919999599456787,127528
2026-07-23,2.9159998893737793,2.990999937057495,2.9059998989105225,2.943000078201294,125863
2026-07-24,2.871000051498413,2.9579999446868896,2.8589999675750732,2.9149999618530273,69670
2026-07-27,2.7669999599456787,2.8359999656677246,2.7339999675750732,2.819999933242798,57067
2026-07-28,2.6619999408721924,2.760999917984009,2.634999990463257,2.740999937057495,45760
2026-07-29,2.7249999046325684,2.7709999084472656,2.619999885559082,2.631999969482422,112922
2026-07-30,2.757999897003174,2.7760000228881836,2.680000066757202,2.7320001125335693,122809
2026-07-31,2.746999979019165,2.802000045776367,2.7119998931884766,2.746000051498413,117480
2026-08-03,2.7809998989105225,2.809999942779541,2.7100000381469727,2.744999885559082,101918
2026-08-04,2.681999921798706,2.7860000133514404,2.6589999198913574,2.7739999294281006,139814
2026-08-05,2.687999963760376,2.7079999446868896,2.6600000858306885,2.687000036239624,87311
2026-08-06,2.640000104904175,2.7019999027252197,2.615999937057495,2.6710000038146973,124916
2026-08-07,2.6619999408721924,2.690000057220459,2.617000102996826,2.632999897003174,157146
2026-08-10,2.7939999103546143,2.805999994277954,2.7019999027252197,2.7090001106262207,215477
2026-08-11,2.7669999599456787,2.819000005722046,2.744999885559082,2.7780001163482666,191841
2026-08-12,2.803999900817871,2.8299999237060547,2.746999979019165,2.749000072479248,179743
2026-08-13,2.7269999980926514,2.7990000247955322,2.7090001106262207,2.7920000553131104,197560
2026-08-14,2.7330000400543213,2.7829999923706055,2.7100000381469727,2.7360000610351562,117531
2026-08-17,2.690000057220459,2.7100000381469727,2.638000011444092,2.690999984741211,138756
2026-08-18,2.7760000228881836,2.7960000038146973,2.691999912261963,2.7019999027252197,159550
2026-08-19,2.813999891281128,2.875,2.7699999809265137,2.7860000133514404,189364
2026-08-20,2.7330000400543213,2.803999900817871,2.7109999656677246,2.7809998989105225,178527
2026-08-21,2.7730000019073486,2.7980000972747803,2.740999937057495,2.763000011444092,110328
2026-08-24,2.7820000648498535,2.8389999866485596,2.7160000801086426,2.75,90855
2026-08-25,2.7699999809265137,2.803999900817871,2.696000099182129,2.753999948501587,42228
2026-08-26,2.8420000076293945,2.9110000133514404,2.7850000858306885,2.7929999828338623,68681
2026-08-27,2.9070000648498535,2.944000005722046,2.8499999046325684,2.8550000190734863,188571
2026-08-28,2.888000011444092,2.931999921798706,2.8359999656677246,2.9059998989105225,132710
2026-08-31,2.934999942779541,2.947000026702881,2.8320000171661377,2.875,145815
2026-09-01,2.9040000438690186,2.9549999237060547,2.8510000705718994,2.930999994277954,148990
2026-09-02,2.9560000896453857,3.002000093460083,2.9100000858306885,2.946000099182129,134975
2026-09-03,2.9130001068115234,3.0260000228881836,2.884999990463257,2.997999906539917,197408
2026-09-04,2.9749999046325684,2.9860000610351562,2.9019999504089355,2.9260001182556152,150051
2026-09-08,2.9159998893737793,3.0139999389648438,2.86299991607666,2.930999994277954,248447
2026-09-09,2.822000026702881,2.9070000648498535,2.7990000247955322,2.9070000648498535,178990
2026-09-10,2.8340001106262207,2.8440001010894775,2.753000020980835,2.809000015258789,174179
2026-09-11,2.8310000896453857,2.8459999561309814,2.7730000019073486,2.8380000591278076,128318
2026-09-14,2.8959999084472656,2.9110000133514404,2.8489999771118164,2.868000030517578,195801
2026-09-15,2.9189999103546143,2.9519999027252197,2.869999885559082,2.884000062942505,142797
2026-09-16,2.8910000324249268,2.9779999256134033,2.878000020980835,2.937999963760376,149573
2026-09-17,2.9010000228881836,2.9590001106262207,2.8589999675750732,2.8940000534057617,172220
2026-09-18,2.9119999408721924,2.943000078201294,2.8459999561309814,2.871000051498413,172220
